"ADMA Biologics, Inc.",Healthcare,Biotechnology,2.51,2.45%,8/18/2022,Thursday,no
"Altus Power, Inc.",Utilities,Utilities - Renewable,11.85,6.47%,8/18/2022,Thursday,no
"GEE Group, Inc.",Industrials,Staffing & Employment Services,0.65,4.03%,8/18/2022,Thursday,no
NextDecade Corporation,Energy,Oil & Gas E&P,8.66,0.93%,8/18/2022,Thursday,no
Sotherly Hotels Inc.,Real Estate,REIT - Hotel & Motel,3.1,9.15%,8/18/2022,Thursday,no
"Mammoth Energy Services, Inc.",Energy,Oil & Gas Equipment & Services,4.41,13.66%,8/18/2022,Thursday,no
"ADMA Biologics, Inc.",Healthcare,Biotechnology,2.55,1.59%,08/19/2022,Friday,yes
Social Capital Suvretta Holdings Corp. I,Financial,Shell Companies,14.07,47.02%,08/19/2022,Friday,no
La Jolla Pharmaceutical Company,Healthcare,Biotechnology,6.22,0.00%,08/19/2022,Friday,no
"Overseas Shipholding Group, Inc.",Energy,Oil & Gas Midstream,2.88,4.35%,08/19/2022,Friday,no
San Juan Basin Royalty Trust,Energy,Oil & Gas E&P,14.29,-5.68%,08/19/2022,Friday,no
CECO Environmental Corp.,Industrials,Pollution & Treatment Controls,10.07,5.11%,08/22/2022,Monday,no
CF Acquisition Corp. VIII,Financial,Shell Companies,10.19,0.20%,08/22/2022,Monday,no
"Catalyst Pharmaceuticals, Inc.",Healthcare,Biotechnology,14.31,1.49%,08/22/2022,Monday,no
Flame Acquisition Corp.,Financial,Shell Companies,9.83,-0.10%,08/22/2022,Monday,no
Jiya Acquisition Corp.,Financial,Shell Companies,9.93,0.10%,08/22/2022,Monday,no
"FiscalNote Holdings, Inc.",Technology,Information Technology Services,8.65,-8.47%,08/22/2022,Monday,no
"Overseas Shipholding Group, Inc.",Energy,Oil & Gas Midstream,2.87,-0.35%,08/22/2022,Monday,yes
Target Hospitality Corp.,Industrials,Specialty Business Services,13.81,-2.54%,08/22/2022,Monday,no
"AVEO Pharmaceuticals, Inc.",Healthcare,Biotechnology,8.72,7.79%,08/23/2022,Tuesday,no
CECO Environmental Corp.,Industrials,Pollution & Treatment Controls,10.28,2.09%,08/23/2022,Tuesday,yes
"Catalyst Pharmaceuticals, Inc.",Healthcare,Biotechnology,14.91,4.19%,08/23/2022,Tuesday,yes
Fortistar Sustainable Solutions Corp.,Financial,Shell Companies,9.86,0.05%,08/23/2022,Tuesday,no
"Gossamer Bio, Inc.",Healthcare,Biotechnology,14.62,6.33%,08/23/2022,Tuesday,no
Hallador Energy Company,Energy,Thermal Coal,7.14,-2.72%,08/23/2022,Tuesday,no
"Overseas Shipholding Group, Inc.",Energy,Oil & Gas Midstream,2.95,2.79%,08/23/2022,Tuesday,yes
"Plains All American Pipeline, L.P.",Energy,Oil & Gas Midstream,12.17,4.64%,08/23/2022,Tuesday,no
"ADMA Biologics, Inc.",Healthcare,Biotechnology,2.71,3.83%,08/24/2022,Wednesday,no
American Resources Corporation,Energy,Thermal Coal,2.82,8.46%,08/24/2022,Wednesday,no
CECO Environmental Corp.,Industrials,Pollution & Treatment Controls,10.62,3.31%,08/24/2022,Wednesday,yes
Energy Transfer LP,Energy,Oil & Gas Midstream,12.29,0.90%,08/24/2022,Wednesday,no
"Amicus Therapeutics, Inc.",Healthcare,Biotechnology,12.75,5.55%,08/24/2022,Wednesday,no
"Gossamer Bio, Inc.",Healthcare,Biotechnology,14.88,1.78%,08/24/2022,Wednesday,yes
"Infrastructure and Energy Alternatives, Inc.",Industrials,Engineering & Construction,14.45,0.84%,08/24/2022,Wednesday,no
Integrated Rail and Resources Acquisition Corp.,Financial,Shell Companies,10.04,0.10%,08/24/2022,Wednesday,no
"GEE Group, Inc.",Industrials,Staffing & Employment Services,0.68,6.23%,08/24/2022,Wednesday,no
"Overseas Shipholding Group, Inc.",Energy,Oil & Gas Midstream,2.97,0.68%,08/24/2022,Wednesday,yes
"Plains GP Holdings, L.P.",Energy,Oil & Gas Midstream,12.86,2.23%,08/24/2022,Wednesday,no
"Tricida, Inc.",Healthcare,Drug Manufacturers - Specialty & Generic,13.33,0.23%,08/24/2022,Wednesday,no
"Mammoth Energy Services, Inc.",Energy,Oil & Gas Equipment & Services,4.87,10.93%,08/24/2022,Wednesday,no
American Resources Corporation,Energy,Thermal Coal,2.91,3.19%,08/25/2022,Thursday,yes
CECO Environmental Corp.,Industrials,Pollution & Treatment Controls,10.45,-1.60%,08/25/2022,Thursday,yes
NOW Inc.,Energy,Oil & Gas Equipment & Services,13.18,11.22%,08/25/2022,Thursday,no
"Amicus Therapeutics, Inc.",Healthcare,Biotechnology,12.24,-4.00%,08/25/2022,Thursday,yes
"Hudson Technologies, Inc.",Basic Materials,Specialty Chemicals,10.75,7.29%,08/25/2022,Thursday,no
"Infrastructure and Energy Alternatives, Inc.",Industrials,Engineering & Construction,14.46,0.07%,08/25/2022,Thursday,yes
"GEE Group, Inc.",Industrials,Staffing & Employment Services,0.72,5.24%,08/25/2022,Thursday,yes
Mudrick Capital Acquisition Corporation II,Financial,Shell Companies,10.15,0.10%,08/25/2022,Thursday,no
"Overseas Shipholding Group, Inc.",Energy,Oil & Gas Midstream,2.99,0.67%,08/25/2022,Thursday,yes
"Plains GP Holdings, L.P.",Energy,Oil & Gas Midstream,12.89,0.23%,08/25/2022,Thursday,yes
"Alaunos Therapeutics, Inc.",Healthcare,Biotechnology,2.42,18.63%,08/25/2022,Thursday,no
"ADMA Biologics, Inc.",Healthcare,Biotechnology,2.70,0.75%,08/26/2022,Friday,no
Authentic Equity Acquisition Corp.,Financial,Shell Companies,9.90,0.10%,08/26/2022,Friday,no
American Resources Corporation,Energy,Thermal Coal,2.96,1.72%,08/26/2022,Friday,yes
"Capricor Therapeutics, Inc.",Healthcare,Biotechnology,5.71,1.42%,08/26/2022,Friday,no
NOW Inc.,Energy,Oil & Gas Equipment & Services,12.97,-1.59%,08/26/2022,Friday,yes
"Hudson Technologies, Inc.",Basic Materials,Specialty Chemicals,10.48,-2.51%,08/26/2022,Friday,yes
"Overseas Shipholding Group, Inc.",Energy,Oil & Gas Midstream,3.04,1.67%,08/26/2022,Friday,yes
"Plains All American Pipeline, L.P.",Energy,Oil & Gas Midstream,12.26,-0.73%,08/26/2022,Friday,no
RiceBran Technologies,Consumer Defensive,Packaged Foods,2.57,763.91%,08/26/2022,Friday,no
"Soleno Therapeutics, Inc.",Healthcare,Diagnostics & Research,1.92,1097.01%,08/26/2022,Friday,no
"Alaunos Therapeutics, Inc.",Healthcare,Biotechnology,2.68,10.74%,08/26/2022,Friday,yes
"Mammoth Energy Services, Inc.",Energy,Oil & Gas Equipment & Services,4.81,-5.69%,08/26/2022,Friday,no
Ares Acquisition Corporation,Financial,Shell Companies,9.90,-0.10%,08/29/2022,Monday,no
American Resources Corporation,Energy,Thermal Coal,3.26,10.14%,08/29/2022,Monday,yes
"Capricor Therapeutics, Inc.",Healthcare,Biotechnology,5.80,1.58%,08/29/2022,Monday,yes
FTAC Hera Acquisition Corp.,Financial,Shell Companies,9.87,0.10%,08/29/2022,Monday,no
"Hill International, Inc.",Industrials,Engineering & Construction,3.37,20.36%,08/29/2022,Monday,no
"GEE Group, Inc.",Industrials,Staffing & Employment Services,0.72,1.77%,08/29/2022,Monday,no
"Plains All American Pipeline, L.P.",Energy,Oil & Gas Midstream,12.27,0.08%,08/29/2022,Monday,yes
Jaws Mustang Acquisition Corporation,Financial,Shell Companies,9.91,0.10%,08/31/2022,Wednesday,no
Medicus Sciences Acquisition Corp.,Financial,Shell Companies,9.86,0.00%,08/31/2022,Wednesday,no
BOA Acquisition Corp.,Financial,Shell Companies,9.83,-0.20%,09/01/2022,Thursday,no
"Capricor Therapeutics, Inc.",Healthcare,Biotechnology,5.92,1.72%,09/01/2022,Thursday,no
Flame Acquisition Corp.,Financial,Shell Companies,9.79,-0.41%,09/01/2022,Thursday,no
Geron Corporation,Healthcare,Biotechnology,2.68,1.52%,09/01/2022,Thursday,no
"Overseas Shipholding Group, Inc.",Energy,Oil & Gas Midstream,3.14,0.96%,09/01/2022,Thursday,no
"Alaunos Therapeutics, Inc.",Healthcare,Biotechnology,3.01,22.36%,09/01/2022,Thursday,no
Williams Rowland Acquisition Corp.,Financial,Shell Companies,10.05,-0.40%,09/01/2022,Thursday,no
"ADMA Biologics, Inc.",Healthcare,Biotechnology,2.81,4.46%,09/02/2022,Friday,no
Geron Corporation,Healthcare,Biotechnology,2.66,-0.75%,09/02/2022,Friday,yes
"GigCapital5, Inc.",Financial,Shell Companies,10.11,0.20%,09/02/2022,Friday,no
"Overseas Shipholding Group, Inc.",Energy,Oil & Gas Midstream,3.23,2.87%,09/02/2022,Friday,yes
"Alaunos Therapeutics, Inc.",Healthcare,Biotechnology,2.90,-3.65%,09/02/2022,Friday,yes
"ADMA Biologics, Inc.",Healthcare,Biotechnology,2.81,4.46%,09/05/2022,Monday,yes
Geron Corporation,Healthcare,Biotechnology,2.66,-0.75%,09/05/2022,Monday,yes
"GigCapital5, Inc.",Financial,Shell Companies,10.11,0.20%,09/05/2022,Monday,yes
"Overseas Shipholding Group, Inc.",Energy,Oil & Gas Midstream,3.23,2.87%,09/05/2022,Monday,yes
"Alaunos Therapeutics, Inc.",Healthcare,Biotechnology,2.90,-3.65%,09/05/2022,Monday,yes
American Resources Corporation,Energy,Thermal Coal,3.26,-3.55%,09/06/2022,Tuesday,no
CleanTech Acquisition Corp.,Financial,Shell Companies,9.45,-10.93%,09/06/2022,Tuesday,no
IG Acquisition Corp.,Financial,Shell Companies,9.99,0.00%,09/06/2022,Tuesday,no
"Overseas Shipholding Group, Inc.",Energy,Oil & Gas Midstream,3.32,2.79%,09/06/2022,Tuesday,yes
"Alaunos Therapeutics, Inc.",Healthcare,Biotechnology,2.91,0.34%,09/06/2022,Tuesday,yes
"Capricor Therapeutics, Inc.",Healthcare,Biotechnology,6.07,5.57%,09/07/2022,Wednesday,no
DallasNews Corporation,Communication Services,Publishing,8.35,1.95%,09/07/2022,Wednesday,no
"Globalstar, Inc.",Communication Services,Telecom Services,2.06,-1.44%,09/07/2022,Wednesday,no
Jaws Mustang Acquisition Corporation,Financial,Shell Companies,9.91,0.15%,09/07/2022,Wednesday,no
"Alaunos Therapeutics, Inc.",Healthcare,Biotechnology,3.44,18.21%,09/07/2022,Wednesday,yes
"ADMA Biologics, Inc.",Healthcare,Biotechnology,2.86,2.51%,09/08/2022,Thursday,no
Jaws Mustang Acquisition Corporation,Financial,Shell Companies,9.91,-0.05%,09/08/2022,Thursday,yes
"Alaunos Therapeutics, Inc.",Healthcare,Biotechnology,3.52,2.33%,09/08/2022,Thursday,yes
Monterey Bio Acquisition Corporation,Financial,Shell Companies,10.08,0.20%,09/09/2022,Friday,no
Mudrick Capital Acquisition Corporation II,Financial,Shell Companies,10.16,0.10%,09/09/2022,Friday,no
"Overseas Shipholding Group, Inc.",Energy,Oil & Gas Midstream,3.30,2.80%,09/09/2022,Friday,no
"Alaunos Therapeutics, Inc.",Healthcare,Biotechnology,3.69,4.83%,09/09/2022,Friday,yes
Bowlero Corp.,Communication Services,Entertainment,12.90,7.68%,09/12/2022,Monday,no
Geron Corporation,Healthcare,Biotechnology,2.78,4.91%,09/12/2022,Monday,no
FTAC Hera Acquisition Corp.,Financial,Shell Companies,9.89,0.00%,09/12/2022,Monday,no
"Infrastructure and Energy Alternatives, Inc.",Industrials,Engineering & Construction,14.44,0.07%,09/12/2022,Monday,no
"GEE Group, Inc.",Industrials,Staffing & Employment Services,0.76,2.69%,09/12/2022,Monday,no
Lazard Growth Acquisition Corp. I,Financial,Shell Companies,9.91,0.15%,09/12/2022,Monday,no
LSI Industries Inc.,Technology,Electronic Components,8.81,8.10%,09/12/2022,Monday,no
"Overseas Shipholding Group, Inc.",Energy,Oil & Gas Midstream,3.33,0.91%,09/12/2022,Monday,yes
PG&E Corporation,Utilities,Utilities - Regulated Electric,13.18,2.25%,09/12/2022,Monday,no
Ares Acquisition Corporation,Financial,Shell Companies,9.93,0.20%,09/13/2022,Tuesday,no
Delwinds Insurance Acquisition Corp.,Financial,Shell Companies,8.61,-11.15%,09/13/2022,Tuesday,no
Geron Corporation,Healthcare,Biotechnology,2.94,5.76%,09/13/2022,Tuesday,yes
"Altus Power, Inc.",Utilities,Utilities - Renewable,12.64,9.15%,09/14/2022,Wednesday,no
Bowlero Corp.,Communication Services,Entertainment,12.99,3.10%,09/14/2022,Wednesday,no
"ECB Bancorp, Inc.",Financial,Banks - Regional,14.38,1.13%,09/14/2022,Wednesday,no
Evolution Petroleum Corporation,Energy,Oil & Gas E&P,8.11,19.44%,09/14/2022,Wednesday,no
Geron Corporation,Healthcare,Biotechnology,2.86,-2.72%,09/14/2022,Wednesday,yes
FTAC Hera Acquisition Corp.,Financial,Shell Companies,9.90,0.05%,09/14/2022,Wednesday,no
"Plains GP Holdings, L.P.",Energy,Oil & Gas Midstream,12.90,3.61%,09/14/2022,Wednesday,no
Recharge Acquisition Corp.,Financial,Shell Companies,10.10,0.15%,09/14/2022,Wednesday,no
"Altus Power, Inc.",Utilities,Utilities - Renewable,12.40,-1.90%,09/15/2022,Thursday,yes
Jaws Mustang Acquisition Corporation,Financial,Shell Companies,9.93,0.05%,09/15/2022,Thursday,no
"Plains GP Holdings, L.P.",Energy,Oil & Gas Midstream,12.90,0.00%,09/15/2022,Thursday,yes
"Anixa Biosciences, Inc.",Healthcare,Diagnostics & Research,5.71,27.46%,09/16/2022,Friday,no
Bowlero Corp.,Communication Services,Entertainment,13.43,7.53%,09/16/2022,Friday,no
"ECB Bancorp, Inc.",Financial,Banks - Regional,14.52,0.83%,09/16/2022,Friday,no
"Eve Holding, Inc.",Industrials,Aerospace & Defense,11.10,4.42%,09/16/2022,Friday,no
Senior Connect Acquisition Corp. I,Financial,Shell Companies,9.94,0.05%,09/16/2022,Friday,no
"Supernova Partners Acquisition Company III, Ltd.",Financial,Shell Companies,9.90,0.10%,09/16/2022,Friday,no
"Anixa Biosciences, Inc.",Healthcare,Diagnostics & Research,5.87,2.80%,09/19/2022,Monday,yes
Bowlero Corp.,Communication Services,Entertainment,13.90,3.50%,09/19/2022,Monday,yes
Evolution Petroleum Corporation,Energy,Oil & Gas E&P,8.53,5.96%,09/19/2022,Monday,no
PG&E Corporation,Utilities,Utilities - Regulated Electric,13.46,2.91%,09/19/2022,Monday,no
Pono Capital Corp.,Financial,Shell Companies,10.20,0.20%,09/19/2022,Monday,no
Prospector Capital Corp.,Financial,Shell Companies,9.94,0.00%,09/19/2022,Monday,no
"Anixa Biosciences, Inc.",Healthcare,Diagnostics & Research,6.15,4.77%,09/20/2022,Tuesday,yes
Bowlero Corp.,Communication Services,Entertainment,13.95,0.36%,09/20/2022,Tuesday,yes
"Broadwind, Inc.",Industrials,Specialty Industrial Machinery,3.55,5.65%,09/20/2022,Tuesday,no
FTAC Hera Acquisition Corp.,Financial,Shell Companies,9.91,0.05%,09/20/2022,Tuesday,no
H.I.G. Acquisition Corp.,Financial,Shell Companies,10.00,0.00%,09/20/2022,Tuesday,no
PG&E Corporation,Utilities,Utilities - Regulated Electric,13.30,-1.19%,09/20/2022,Tuesday,yes
"Satsuma Pharmaceuticals, Inc.",Healthcare,Biotechnology,7.49,7.77%,09/20/2022,Tuesday,no
Agile Growth Corp.,Financial,Shell Companies,9.91,0.10%,09/21/2022,Wednesday,no
"Eve Holding, Inc.",Industrials,Aerospace & Defense,12.38,5.54%,09/21/2022,Wednesday,no
"Stabilis Solutions, Inc.",Energy,Oil & Gas Integrated,8.84,73.67%,09/21/2022,Wednesday,no
Ares Acquisition Corporation,Financial,Shell Companies,9.94,0.00%,09/22/2022,Thursday,no
"Eve Holding, Inc.",Industrials,Aerospace & Defense,12.30,-0.65%,09/22/2022,Thursday,yes
Jaws Mustang Acquisition Corporation,Financial,Shell Companies,9.94,0.10%,09/22/2022,Thursday,no
"Satsuma Pharmaceuticals, Inc.",Healthcare,Biotechnology,7.95,0.63%,09/22/2022,Thursday,no
H.I.G. Acquisition Corp.,Financial,Shell Companies,10.01,0.05%,09/23/2022,Friday,no
IG Acquisition Corp.,Financial,Shell Companies,10.02,0.15%,09/23/2022,Friday,no
"Altus Power, Inc.",Utilities,Utilities - Renewable,13.90,17.10%,09/27/2022,Tuesday,no
CONX Corp.,Financial,Shell Companies,9.99,0.10%,09/27/2022,Tuesday,no
Crucible Acquisition Corporation,Financial,Shell Companies,9.94,0.10%,09/27/2022,Tuesday,no
Liberty Resources Acquisition Corp.,Financial,Shell Companies,10.09,0.11%,09/27/2022,Tuesday,no
"Altus Power, Inc.",Utilities,Utilities - Renewable,14.23,2.37%,09/28/2022,Wednesday,yes
Crucible Acquisition Corporation,Financial,Shell Companies,9.95,0.10%,09/28/2022,Wednesday,yes
Accretion Acquisition Corp.,Financial,Shell Companies,9.94,0.30%,09/28/2022,Wednesday,no
"GigCapital5, Inc.",Financial,Shell Companies,10.12,0.10%,09/28/2022,Wednesday,no
Harmonic Inc.,Technology,Communication Equipment,13.00,10.17%,09/28/2022,Wednesday,no
H.I.G. Acquisition Corp.,Financial,Shell Companies,10.02,0.20%,09/29/2022,Thursday,no
Natural Order Acquisition Corp.,Financial,Shell Companies,9.98,0.05%,09/29/2022,Thursday,no
Harmonic Inc.,Technology,Communication Equipment,13.07,3.08%,09/30/2022,Friday,no
"Harrow Health, Inc.",Healthcare,Drug Manufacturers - Specialty & Generic,12.07,4.77%,09/30/2022,Friday,no
Lefteris Acquisition Corp.,Financial,Shell Companies,10.00,0.10%,09/30/2022,Friday,no
Lazard Growth Acquisition Corp. I,Financial,Shell Companies,9.92,0.10%,09/30/2022,Friday,no
Recharge Acquisition Corp.,Financial,Shell Companies,10.12,0.10%,09/30/2022,Friday,no
Carney Technology Acquisition Corp. II,Financial,Shell Companies,9.96,0.00%,10/03/2022,Monday,no
Fortress Value Acquisition Corp. III,Financial,Shell Companies,9.90,0.05%,10/03/2022,Monday,no
Health Assurance Acquisition Corp.,Financial,Shell Companies,9.99,0.05%,10/03/2022,Monday,no
"Harrow Health, Inc.",Healthcare,Drug Manufacturers - Specialty & Generic,12.82,6.21%,10/03/2022,Monday,yes
Lefteris Acquisition Corp.,Financial,Shell Companies,10.01,0.10%,10/03/2022,Monday,yes
NightDragon Acquisition Corp.,Financial,Shell Companies,9.95,1.32%,10/03/2022,Monday,no
Quest Resource Holding Corporation,Industrials,Waste Management,9.40,11.37%,10/03/2022,Monday,no
"Supernova Partners Acquisition Company III, Ltd.",Financial,Shell Companies,9.91,0.10%,10/03/2022,Monday,no
Austerlitz Acquisition Corporation II,Financial,Shell Companies,9.92,1.12%,10/04/2022,Tuesday,no
"Astria Therapeutics, Inc.",Healthcare,Biotechnology,11.11,16.82%,10/04/2022,Tuesday,no
"Capricor Therapeutics, Inc.",Healthcare,Biotechnology,6.24,2.30%,10/04/2022,Tuesday,no
Corner Growth Acquisition Corp.,Financial,Shell Companies,9.98,0.05%,10/04/2022,Tuesday,no
FTAC Hera Acquisition Corp.,Financial,Shell Companies,9.93,0.05%,10/04/2022,Tuesday,no
Harmonic Inc.,Technology,Communication Equipment,13.27,2.39%,10/04/2022,Tuesday,no
Jaws Mustang Acquisition Corporation,Financial,Shell Companies,9.96,0.10%,10/04/2022,Tuesday,no
NightDragon Acquisition Corp.,Financial,Shell Companies,9.96,0.06%,10/04/2022,Tuesday,yes
PG&E Corporation,Utilities,Utilities - Regulated Electric,14.19,8.24%,10/04/2022,Tuesday,no
Senior Connect Acquisition Corp. I,Financial,Shell Companies,9.96,0.10%,10/04/2022,Tuesday,no
"Astria Therapeutics, Inc.",Healthcare,Biotechnology,12.75,14.76%,10/05/2022,Wednesday,yes
"Capricor Therapeutics, Inc.",Healthcare,Biotechnology,6.10,-2.24%,10/05/2022,Wednesday,yes
CONX Corp.,Financial,Shell Companies,10.01,0.00%,10/05/2022,Wednesday,no
Compute Health Acquisition Corp.,Financial,Shell Companies,9.89,0.15%,10/05/2022,Wednesday,no
"FingerMotion, Inc.",Communication Services,Telecom Services,8.86,29.15%,10/05/2022,Wednesday,no
Harmonic Inc.,Technology,Communication Equipment,13.23,-0.30%,10/05/2022,Wednesday,yes
"Immunovant, Inc.",Healthcare,Biotechnology,9.34,14.32%,10/05/2022,Wednesday,no
Jaws Mustang Acquisition Corporation,Financial,Shell Companies,9.97,0.10%,10/05/2022,Wednesday,yes
PG&E Corporation,Utilities,Utilities - Regulated Electric,14.75,3.95%,10/05/2022,Wednesday,yes
"HeartBeam, Inc.",Healthcare,Diagnostics & Research,5.73,26.49%,10/06/2022,Thursday,no
Marlin Technology Corporation,Financial,Shell Companies,9.97,0.00%,10/06/2022,Thursday,no
Harmonic Inc.,Technology,Communication Equipment,13.75,3.93%,10/06/2022,Thursday,yes
"Immunovant, Inc.",Healthcare,Biotechnology,9.82,5.14%,10/06/2022,Thursday,yes
Kairos Acquisition Corp.,Financial,Shell Companies,9.98,0.20%,10/06/2022,Thursday,no
Northern Star Investment Corp. IV,Financial,Shell Companies,9.87,0.20%,10/06/2022,Thursday,no
PG&E Corporation,Utilities,Utilities - Regulated Electric,14.63,-0.81%,10/06/2022,Thursday,yes
CONX Corp.,Financial,Shell Companies,10.01,0.00%,10/07/2022,Friday,no
Churchill Capital Corp VII,Financial,Shell Companies,9.89,0.20%,10/07/2022,Friday,no
NightDragon Acquisition Corp.,Financial,Shell Companies,9.95,0.15%,10/07/2022,Friday,no
"Capricor Therapeutics, Inc.",Healthcare,Biotechnology,6.37,2.08%,10/10/2022,Monday,no
Compute Health Acquisition Corp.,Financial,Shell Companies,9.91,0.10%,10/10/2022,Monday,no
"SPAR Group, Inc.",Industrials,Specialty Business Services,1.79,3.47%,10/10/2022,Monday,no
Ares Acquisition Corporation,Financial,Shell Companies,9.96,0.20%,10/11/2022,Tuesday,no
Austerlitz Acquisition Corporation II,Financial,Shell Companies,9.94,0.10%,10/11/2022,Tuesday,no
"Capricor Therapeutics, Inc.",Healthcare,Biotechnology,6.39,0.31%,10/11/2022,Tuesday,yes
Colicity Inc.,Financial,Shell Companies,9.87,0.10%,10/11/2022,Tuesday,no
Pontem Corporation,Financial,Shell Companies,9.97,0.10%,10/11/2022,Tuesday,no
"Simon Property Group Acquisition Holdings, Inc.",Financial,Shell Companies,9.88,0.00%,10/11/2022,Tuesday,no
"FingerMotion, Inc.",Communication Services,Telecom Services,8.95,13.15%,10/12/2022,Wednesday,no
Harmonic Inc.,Technology,Communication Equipment,13.66,1.94%,10/12/2022,Wednesday,no
"Supernova Partners Acquisition Company III, Ltd.",Financial,Shell Companies,9.93,0.10%,10/12/2022,Wednesday,no
"AVEO Pharmaceuticals, Inc.",Healthcare,Biotechnology,9.50,9.45%,10/13/2022,Thursday,no
"Capricor Therapeutics, Inc.",Healthcare,Biotechnology,6.18,-5.65%,10/13/2022,Thursday,no
CONX Corp.,Financial,Shell Companies,10.02,0.05%,10/13/2022,Thursday,no
Edify Acquisition Corp.,Financial,Shell Companies,9.92,0.20%,10/13/2022,Thursday,no
Fortress Value Acquisition Corp. III,Financial,Shell Companies,9.98,0.71%,10/13/2022,Thursday,no
GX Acquisition Corp. II,Financial,Shell Companies,9.87,0.20%,10/13/2022,Thursday,no
Harmonic Inc.,Technology,Communication Equipment,13.88,1.61%,10/13/2022,Thursday,yes
KKR Acquisition Holdings I Corp.,Financial,Shell Companies,9.94,0.51%,10/13/2022,Thursday,no
Northern Star Investment Corp. III,Financial,Shell Companies,9.88,0.10%,10/13/2022,Thursday,no
Northern Star Investment Corp. IV,Financial,Shell Companies,9.88,0.10%,10/13/2022,Thursday,no
"Simon Property Group Acquisition Holdings, Inc.",Financial,Shell Companies,9.91,0.30%,10/13/2022,Thursday,no
Atlas Crest Investment Corp. II,Financial,Shell Companies,9.90,0.00%,10/14/2022,Friday,no
Authentic Equity Acquisition Corp.,Financial,Shell Companies,9.97,0.00%,10/14/2022,Friday,no
"AVEO Pharmaceuticals, Inc.",Healthcare,Biotechnology,10.02,5.47%,10/14/2022,Friday,yes
Class Acceleration Corp.,Financial,Shell Companies,9.91,0.05%,10/14/2022,Friday,no
Churchill Capital Corp VII,Financial,Shell Companies,9.89,0.20%,10/14/2022,Friday,no
Edify Acquisition Corp.,Financial,Shell Companies,9.92,0.00%,10/14/2022,Friday,yes
Hudson Executive Investment Corp. III,Financial,Shell Companies,9.89,0.10%,10/14/2022,Friday,no
Harmonic Inc.,Technology,Communication Equipment,13.47,-2.95%,10/14/2022,Friday,yes
"Reviva Pharmaceuticals Holdings, Inc.",Healthcare,Biotechnology,3.54,-9.00%,10/14/2022,Friday,no
Sports Ventures Acquisition Corp.,Financial,Shell Companies,9.99,0.15%,10/17/2022,Monday,no
"AVEO Pharmaceuticals, Inc.",Healthcare,Biotechnology,10.48,4.59%,10/17/2022,Monday,yes
Bowlero Corp.,Communication Services,Entertainment,14.37,2.35%,10/17/2022,Monday,no
Class Acceleration Corp.,Financial,Shell Companies,9.93,0.15%,10/17/2022,Monday,yes
Fortress Capital Acquisition Corp.,Financial,Shell Companies,9.98,0.00%,10/17/2022,Monday,no
Heritage Commerce Corp,Financial,Banks - Regional,13.19,2.81%,10/17/2022,Monday,no
Northern Star Investment Corp. III,Financial,Shell Companies,9.90,0.20%,10/17/2022,Monday,no
Northern Star Investment Corp. IV,Financial,Shell Companies,9.89,0.00%,10/17/2022,Monday,no
Powered Brands,Financial,Shell Companies,9.97,0.00%,10/17/2022,Monday,no
"Akouos, Inc.",Healthcare,Biotechnology,13.19,88.16%,10/18/2022,Tuesday,no
"AVEO Pharmaceuticals, Inc.",Healthcare,Biotechnology,14.92,42.37%,10/18/2022,Tuesday,yes
Epiphany Technology Acquisition Corp.,Financial,Shell Companies,9.93,0.10%,10/18/2022,Tuesday,no
Marlin Technology Corporation,Financial,Shell Companies,9.99,0.05%,10/18/2022,Tuesday,no
Harmonic Inc.,Technology,Communication Equipment,14.30,2.29%,10/18/2022,Tuesday,no
"Reviva Pharmaceuticals Holdings, Inc.",Healthcare,Biotechnology,4.31,16.80%,10/18/2022,Tuesday,no
two,Financial,Shell Companies,9.95,0.30%,10/18/2022,Tuesday,no
Warburg Pincus Capital Corporation I-B,Financial,Shell Companies,9.94,-0.20%,10/18/2022,Tuesday,no
Crucible Acquisition Corporation,Financial,Shell Companies,9.99,0.10%,10/19/2022,Wednesday,no
Harmonic Inc.,Technology,Communication Equipment,14.45,1.05%,10/19/2022,Wednesday,yes
INSU Acquisition Corp. III,Financial,Shell Companies,9.98,0.10%,10/19/2022,Wednesday,no
"LMF Acquisition Opportunities, Inc.",Financial,Shell Companies,10.42,23.46%,10/19/2022,Wednesday,no
NightDragon Acquisition Corp.,Financial,Shell Companies,9.99,0.10%,10/19/2022,Wednesday,no
Prospector Capital Corp.,Financial,Shell Companies,9.99,0.10%,10/19/2022,Wednesday,no
Goal Acquisitions Corp.,Financial,Shell Companies,9.92,0.30%,10/19/2022,Wednesday,no
Athlon Acquisition Corp.,Financial,Shell Companies,9.94,0.00%,10/19/2022,Wednesday,no
Tastemaker Acquisition Corp.,Financial,Shell Companies,10.03,0.10%,10/19/2022,Wednesday,no
Compute Health Acquisition Corp.,Financial,Shell Companies,9.94,0.20%,10/20/2022,Thursday,no
Marlin Technology Corporation,Financial,Shell Companies,10.02,0.30%,10/20/2022,Thursday,no
IMARA Inc.,Healthcare,Biotechnology,4.25,5.99%,10/20/2022,Thursday,no
Kairos Acquisition Corp.,Financial,Shell Companies,9.99,0.00%,10/20/2022,Thursday,no
Kadem Sustainable Impact Corporation,Financial,Shell Companies,9.89,0.10%,10/20/2022,Thursday,no
Bite Acquisition Corp.,Financial,Shell Companies,9.93,0.30%,10/21/2022,Friday,no
Compute Health Acquisition Corp.,Financial,Shell Companies,9.98,0.40%,10/21/2022,Friday,yes
"Hamilton Lane Alliance Holdings I, Inc.",Financial,Shell Companies,9.92,0.10%,10/21/2022,Friday,no
"Immunovant, Inc.",Healthcare,Biotechnology,10.11,5.09%,10/21/2022,Friday,no
Pontem Corporation,Financial,Shell Companies,9.99,0.05%,10/21/2022,Friday,no
